Rank,Month,Voucher,Supplier,Amount,InvoiceType,Description,NeutralDescription
1,2024-06,87719,Brighter Futures for Children,4343592,RBC Refunds Manual Entry,Third Party Payments          -,"Published as Invoice Type ""RBC Refunds Manual Entry"" (a credit/refund), amount 4343592.00; no same-supplier charge of matching size was found anywhere in the months loaded for this page."
2,2024-06,87712,Brighter Futures for Children,2326567,RBC Refunds Manual Entry,Third Party Payments          -,"Published as Invoice Type ""RBC Refunds Manual Entry"" (a credit/refund), amount 2326567.00; no same-supplier charge of matching size was found anywhere in the months loaded for this page."
3,2024-06,87711,Brighter Futures for Children,1315893,RBC Refunds Manual Entry,Third Party Payments          -,"Published as Invoice Type ""RBC Refunds Manual Entry"" (a credit/refund), amount 1315893.00; no same-supplier charge of matching size was found anywhere in the months loaded for this page."
4,2024-06,86892,Brighter Futures for Children,601720,RBC Refunds Manual Entry,Supplies and Services         -,"Published as Invoice Type ""RBC Refunds Manual Entry"" (a credit/refund), amount 601720.00; no same-supplier charge of matching size was found anywhere in the months loaded for this page."
5,2024-06,87728,Brighter Futures for Children,374745,RBC Refunds Manual Entry,Third Party Payments          -,"Published as Invoice Type ""RBC Refunds Manual Entry"" (a credit/refund), amount 374745.00; no same-supplier charge of matching size was found anywhere in the months loaded for this page."
6,2024-06,86894,Brighter Futures for Children,310000,RBC Refunds Manual Entry,Supplies and Services         -,"Published as Invoice Type ""RBC Refunds Manual Entry"" (a credit/refund), amount 310000.00; no same-supplier charge of matching size was found anywhere in the months loaded for this page."
7,2024-06,86898,Brighter Futures for Children,260675.48,RBC Refunds Manual Entry,Supplies and Services         -,"Published as Invoice Type ""RBC Refunds Manual Entry"" (a credit/refund), amount 260675.48; no same-supplier charge of matching size was found anywhere in the months loaded for this page."
8,2024-06,86893,Brighter Futures for Children,249441.43,RBC Refunds Manual Entry,Supplies and Services         -,"Published as Invoice Type ""RBC Refunds Manual Entry"" (a credit/refund), amount 249441.43; no same-supplier charge of matching size was found anywhere in the months loaded for this page."
9,2024-06,87729,Brighter Futures for Children,184921,RBC Refunds Manual Entry,Third Party Payments          -,"Published as Invoice Type ""RBC Refunds Manual Entry"" (a credit/refund), amount 184921.00; no same-supplier charge of matching size was found anywhere in the months loaded for this page."
10,2026-02,336475,IMAGINE THEATRE LTD,184178.48,RBC Refunds Manual Entry,Professional Fees,"Published as Invoice Type ""RBC Refunds Manual Entry"" (a credit/refund), amount 184178.48; no same-supplier charge of matching size was found anywhere in the months loaded for this page."
11,2022-04,4660040,RE3 LTD,-128910.64,CREDIT,Household Waste,"Published as Invoice Type ""CREDIT"" (a credit/refund), amount -128910.64; no same-supplier charge of matching size was found anywhere in the months loaded for this page."
12,2024-06,86895,Brighter Futures for Children,105740.94,RBC Refunds Manual Entry,Supplies and Services         -,"Published as Invoice Type ""RBC Refunds Manual Entry"" (a credit/refund), amount 105740.94; no same-supplier charge of matching size was found anywhere in the months loaded for this page."
13,2026-02,342667,RUBAX LIFTS LTD,85547,RBC Refunds Manual Entry,HRA Cyclical Maint & Servicing,"Published as Invoice Type ""RBC Refunds Manual Entry"" (a credit/refund), amount 85547.00; no same-supplier charge of matching size was found anywhere in the months loaded for this page."
14,2021-12,4628054,CHAMBERS TOURING LTD,-70082.62,CREDIT,Ticket SalesPerformances,"Published as Invoice Type ""CREDIT"" (a credit/refund), amount -70082.62; no same-supplier charge of matching size was found anywhere in the months loaded for this page."
15,2024-06,87706,Brighter Futures for Children,64642,RBC Refunds Manual Entry,Third Party Payments          -,"Published as Invoice Type ""RBC Refunds Manual Entry"" (a credit/refund), amount 64642.00; no same-supplier charge of matching size was found anywhere in the months loaded for this page."
16,2024-06,86899,Brighter Futures for Children,61564.5,RBC Refunds Manual Entry,Supplies and Services         -,"Published as Invoice Type ""RBC Refunds Manual Entry"" (a credit/refund), amount 61564.50; no same-supplier charge of matching size was found anywhere in the months loaded for this page."
17,2022-04,4660043,RE3 LTD,-50031.55,CREDIT,Household Waste,"Published as Invoice Type ""CREDIT"" (a credit/refund), amount -50031.55; no same-supplier charge of matching size was found anywhere in the months loaded for this page."
18,2022-04,4660042,RE3 LTD,-49800,CREDIT,Household Waste,"Published as Invoice Type ""CREDIT"" (a credit/refund), amount -49800.00; no same-supplier charge of matching size was found anywhere in the months loaded for this page."
19,2024-06,81503,LIGHTNING SAFETY SYSTEMS,44607.13,RBC Refunds Manual Entry,Premises Related Expenses     -,"Published as Invoice Type ""RBC Refunds Manual Entry"" (a credit/refund), amount 44607.13; no same-supplier charge of matching size was found anywhere in the months loaded for this page."
20,2024-06,85620,TIGERSLANE STUDIOS LTD,44347.5,RBC Refunds Manual Entry,Supplies and Services         -,"Published as Invoice Type ""RBC Refunds Manual Entry"" (a credit/refund), amount 44347.50; no same-supplier charge of matching size was found anywhere in the months loaded for this page."
