Month,Parts,Rows,Net,Bytes,GzipBytes,ExceptionParts,ExceptionRows,ExceptionBytes,ExceptionGzipBytes
2017-01,1,7477,87988447.47,912076,152415,1,616,79173,7571
2017-02,1,6173,52065945.66,748455,124585,1,476,60876,6005
2017-03,1,8738,88367825.33,1062927,145733,1,169,22244,2296
2017-04,1,6221,108371417.43,762352,121603,1,468,60746,5914
2017-05,1,6577,75784121.40,799321,130934,1,479,61988,6202
2017-06,1,7481,70741194.99,914288,148921,1,573,77928,7318
2017-07,1,7925,76391411.92,959740,164693,1,610,80293,8177
2017-08,2,12849,78151872.46,1632144,180772,1,3274,458869,29009
2017-09,2,13806,69989477.01,1751815,195381,1,3714,479125,32217
2017-10,2,13906,54333945.14,1745932,222758,1,3272,426087,28769
2017-11,2,18245,68108729.97,2287958,288956,1,3809,494826,33329
2017-12,2,12351,54646404.80,1560243,202213,1,2651,339977,22595
2018-01,2,20306,98403463.65,2561547,320178,1,5663,740290,46857
2018-02,2,15297,65835228.49,1933053,234600,1,3644,478093,31172
2018-03,2,15883,114233174.75,1993837,252552,1,3850,499714,34783
2018-04,2,15504,78306775.94,1949847,243661,1,3685,476741,32323
2018-05,2,14864,77209063.00,1876548,220356,1,3527,466970,33351
2018-06,2,15106,61316253.96,1900619,230423,1,3842,516972,36346
2018-07,2,15060,63774862.12,1896393,243991,1,3838,494579,35687
2018-08,2,16248,76716194.39,2044666,254396,1,4069,537735,36066
2018-09,2,21190,76323089.93,2665479,293716,1,4703,604168,40423
2018-10,1,8268,56440742.08,979813,155356,1,846,120642,10726
2018-11,2,15947,64554119.76,1967269,265569,1,3565,493065,30562
2018-12,2,18582,56062532.89,2293770,286076,1,4775,630428,38306
2019-01,2,20219,68135873.90,2525338,320260,1,5700,762721,43577
2019-02,2,19468,68962759.92,2421539,280144,1,5572,746136,43052
2019-03,3,24655,93834301.21,3044889,370266,1,6607,904449,53139
2019-04,3,24613,67999946.21,3141423,341501,1,8621,1240794,65368
2019-05,3,24695,66514241.94,3042969,348759,1,6648,905183,57368
2019-06,2,21328,58884472.92,2681472,308814,1,5733,820200,50184
2019-07,2,22531,67876667.28,2778483,326317,1,6143,831075,51881
2019-08,2,20214,65931650.90,2476638,265227,1,7834,1020642,51997
2019-09,2,20715,62313173.37,2613671,288090,1,5762,830206,46869
2019-10,3,26516,70577394.82,3322972,365273,1,6688,931265,54605
2019-11,2,22035,62824279.16,2743594,375854,1,6102,853761,48918
2019-12,3,28244,70873881.02,3562055,379901,1,8792,1218391,65139
2020-01,2,23013,63951332.05,2884587,337988,1,6955,950348,55788
2020-02,2,21744,74257656.06,2738322,319362,1,6079,828231,50697
2020-03,3,33261,102723522.85,4226300,557846,1,10414,1473443,85290
2020-04,2,23716,69688795.01,3037080,325161,1,8996,1259520,66031
2020-05,2,19742,54855838.45,2494648,286193,1,5802,834313,52902
2020-06,2,18557,58041741.27,2347016,271314,1,4913,691292,45375
2020-07,2,19535,59418903.95,2476432,281050,1,5982,851807,51692
2020-08,2,17135,58746725.77,2168953,249183,1,4540,653993,40290
2020-09,3,24707,70789775.97,3100404,385991,1,5706,817196,47974
2020-10,2,18490,67051091.95,2324420,274752,1,4385,612514,38522
2020-11,2,19881,76994234.72,2444681,291131,1,5264,717461,46235
2020-12,2,22614,65811069.44,2870440,313248,1,6871,935999,52206
2021-01,2,17136,63019179.58,2097372,256901,1,3952,517430,34622
2021-02,2,20626,69678670.00,2572001,278323,1,6210,846361,52259
2021-03,4,36620,89668633.34,4639686,497688,1,11258,1544635,96347
2021-04,3,33348,68587810.22,4106086,467183,1,8515,1122292,69250
2021-05,2,19778,65129984.84,2438002,294864,1,4980,714303,44779
2021-06,3,33548,65210830.87,4244348,431836,2,14942,2193756,117526
2021-07,2,22210,61645455.77,2748163,313340,1,5660,766238,48613
2021-08,2,21121,68589640.60,2593463,309838,1,5321,731034,46366
2021-09,2,23539,78309680.09,2918866,324677,1,5305,763184,45479
2021-10,2,19325,64596229.50,2372521,290564,1,4843,645875,41606
2021-11,2,21576,73792246.77,2666652,317599,1,5765,761498,47784
2021-12,2,22051,70046825.17,2735517,313882,1,6554,858391,51236
2022-01,2,20583,61731940.94,2523719,297596,1,6426,833230,50789
2022-02,2,21008,65371714.53,2572538,306435,1,5272,685344,44066
2022-03,3,32280,143641232.53,4004694,442054,1,10153,1358873,89247
2022-04,4,36655,74011370.19,4561133,506500,1,9777,1300188,75531
2022-05,3,28709,76996982.26,3639158,393782,1,10308,1423843,80010
2022-06,3,26638,71293916.81,3324238,374784,1,8654,1213954,76711
2022-07,2,23092,60624328.36,2868493,338272,1,5690,793126,52361
2022-08,3,27271,78423366.07,3404314,363159,1,5399,724686,46735
2022-09,2,21609,78584895.36,2708035,313895,1,5727,788660,52056
2022-10,2,22181,75543802.33,2778116,326365,1,5609,799802,50800
2022-11,3,24193,83398374.71,3034230,355210,1,6739,894415,55161
2022-12,2,22672,75416780.94,2824473,327777,1,5967,778912,51631
2023-01,2,22219,75678677.06,2761073,328539,1,4813,620945,42367
2023-02,2,23334,75210814.19,2910999,343374,1,5914,763454,51253
2023-03,4,40173,95388246.33,5050087,559787,1,11326,1471587,95420
2023-04,3,25010,79360395.44,3158973,368914,1,7215,956082,57564
2023-05,3,25475,74356973.35,3195426,364815,1,5923,785343,56891
2023-06,3,25471,82584993.37,3217533,373829,1,6785,914835,61339
2023-07,3,24692,83952159.11,3092704,352309,1,5568,757366,51095
2023-08,3,29193,85358947.92,3688378,389862,1,6254,840110,55679
2023-09,2,23976,84604981.16,3033361,333649,1,5512,739088,49798
2023-10,3,24872,90175672.19,3158636,355064,1,6923,958051,60839
2023-11,2,23853,86803365.36,3005219,351212,1,5831,782508,53325
2023-12,2,21852,88628915.18,2746768,319289,1,5748,784032,51698
2024-01,3,28627,94703255.98,3581787,404386,1,7097,988429,64569
2024-02,2,22068,76313955.05,2770999,321071,1,5868,787981,53562
2024-03,3,29767,115262853.51,3515507,411332,1,9667,1394857,92355
2024-04,3,29454,94103018.43,3477047,410537,1,9869,1353232,87829
2024-05,3,24449,89105567.99,2843132,358445,1,6227,842573,62780
2024-06,3,24042,84439192.24,2789321,353427,1,5684,760898,53000
2024-07,3,31139,94470211.04,3613139,415776,1,7055,995039,66577
2024-08,2,22772,91794446.76,2611830,333323,1,5732,779092,53167
2024-09,2,12521,67264933.53,1404030,187965,1,4408,597659,38820
2024-10,3,28269,105381741.33,3271484,390162,1,9187,1232259,78092
2024-11,2,23145,88435214.31,2646395,334909,1,6212,809522,54187
2024-12,3,26823,85203259.56,3027515,372326,1,7499,973677,63051
2025-01,3,25902,99190536.22,2980947,367687,1,7860,1032934,65461
2025-02,3,27185,85264156.31,3182782,368057,1,10556,1431235,80026
2025-03,3,34414,92511645.05,3961476,472672,1,9666,1324833,77725
2025-04,4,37409,131081007.27,4180812,499571,1,11158,1490309,89101
2025-05,3,27381,87132339.41,3075113,377230,1,7712,1061810,69344
2025-06,3,26540,91105251.86,2974730,362523,1,7571,1028093,67244
2025-07,3,32324,99464701.89,3612316,397714,1,7620,1048494,69132
2025-08,3,24659,96888887.71,2756456,342191,1,6834,932572,61153
2025-09,3,25423,87070280.65,2841331,345958,1,7314,992646,64041
2025-10,3,26349,101037072.10,2949128,358663,1,7707,1016312,67576
2025-11,3,24290,93048246.17,2717004,335416,1,7053,921905,59923
2025-12,3,26684,88686019.43,2954983,356594,1,7335,966835,63249
2026-01,3,24654,104607374.89,2745828,347851,1,6439,851725,60030
2026-02,2,23259,88721420.62,2595034,324938,1,6203,801966,55799
2026-03,3,29838,99480268.62,3337656,417508,1,7436,972559,67076
2026-04,4,43623,121463940.73,4856336,540350,1,11306,1441317,87090
2026-05,3,33574,92016228.82,3739152,448777,1,8930,1113100,72750
2026-06,3,32817,114776393.14,3662007,413216,1,7069,889165,60983
2026-07,3,24616,106225781.22,2744007,347821,1,6269,787874,57540
2026-08,3,24560,101487449.12,2756655,339621,1,6985,882279,61065
undated,1,1,0,204,178,0,0,0,0
