Rank,Year,TransNo,Supplier,Net,Gross,Difference,VatType,ServiceArea,Description,NeutralDescription
1,FY2022-23,3798821,AquaCare (BWH) Ltd,-6193.64,7432.28,13625.92,STD  - VAT Purchases Standard Rate,Resources & Assets,Reactive Maintenance,"Published Net (-6193.64), with the VAT uplift its own VAT Type (STD  - VAT Purchases Standard Rate) implies, does not equal the published Gross (7432.28); the gap is 13625.92."
2,FY2020-21,3541575,Leonard Cheshire Foundation,0.00,9989.07,9989.07,STD  - VAT Purchases Standard Rate,Adult Social Care & Health,TPP - WBC Funded Care,"Published Net (0.00), with the VAT uplift its own VAT Type (STD  - VAT Purchases Standard Rate) implies, does not equal the published Gross (9989.07); the gap is 9989.07."
3,FY2023-24,3856390,Caterlink Ltd,0.00,9493.49,9493.49,STD  - VAT Purchases Standard Rate,Resources & Assets,Catering - Provisions,"Published Net (0.00), with the VAT uplift its own VAT Type (STD  - VAT Purchases Standard Rate) implies, does not equal the published Gross (9493.49); the gap is 9493.49."
4,FY2024-25,3900977,Caterlink Ltd,0.00,9493.49,9493.49,STD  - VAT Purchases Standard Rate,Resources & Assets,Catering - Provisions,"Published Net (0.00), with the VAT uplift its own VAT Type (STD  - VAT Purchases Standard Rate) implies, does not equal the published Gross (9493.49); the gap is 9493.49."
5,FY2021-22,3652764,Sanctus Limited,0.00,7364.15,7364.15,EXEM - VAT Purchases Exempt,Place & Growth,Construction,"Published Net (0.00), with the VAT uplift its own VAT Type (EXEM - VAT Purchases Exempt) implies, does not equal the published Gross (7364.15); the gap is 7364.15."
6,FY2025-26,3988569,Witherslack Group of Schools (South) Ltd,0.00,6974.20,6974.20,STD  - VAT Purchases Standard Rate,Children's Services,TPP - Other Establishments,"Published Net (0.00), with the VAT uplift its own VAT Type (STD  - VAT Purchases Standard Rate) implies, does not equal the published Gross (6974.20); the gap is 6974.20."
7,FY2025-26,3988571,Witherslack Group of Schools (South) Ltd,0.00,6974.20,6974.20,STD  - VAT Purchases Standard Rate,Children's Services,TPP - Other Establishments,"Published Net (0.00), with the VAT uplift its own VAT Type (STD  - VAT Purchases Standard Rate) implies, does not equal the published Gross (6974.20); the gap is 6974.20."
8,FY2025-26,3999697,Rossendales Ltd (Marston Holdings),0.00,6965.00,6965.00,STD  - VAT Purchases Standard Rate,Place & Growth,Charges,"Published Net (0.00), with the VAT uplift its own VAT Type (STD  - VAT Purchases Standard Rate) implies, does not equal the published Gross (6965.00); the gap is 6965.00."
9,FY2022-23,3761864,Sportfit Shortbreak Care Limited,0.00,6418.26,6418.26,STD  - VAT Purchases Standard Rate,Children's Services,TPP - Other Establishments,"Published Net (0.00), with the VAT uplift its own VAT Type (STD  - VAT Purchases Standard Rate) implies, does not equal the published Gross (6418.26); the gap is 6418.26."
10,FY2021-22,3617102,Edenred,63.95,6471.74,6407.79,STD  - VAT Purchases Standard Rate,Children's Services,Employee Benefit - Childcare Vouchers,"Published Net (63.95), with the VAT uplift its own VAT Type (STD  - VAT Purchases Standard Rate) implies, does not equal the published Gross (6471.74); the gap is 6407.79."
11,FY2021-22,3610242,Edenred,73.95,6471.74,6397.79,OSCP - Outside Scope of VAT,Children's Services,Employee Benefit - Childcare Vouchers,"Published Net (73.95), with the VAT uplift its own VAT Type (OSCP - Outside Scope of VAT) implies, does not equal the published Gross (6471.74); the gap is 6397.79."
12,FY2025-26,3988528,Witherslack Group of Schools (South) Ltd,0.00,6368.60,6368.60,STD  - VAT Purchases Standard Rate,Children's Services,TPP - Other Establishments,"Published Net (0.00), with the VAT uplift its own VAT Type (STD  - VAT Purchases Standard Rate) implies, does not equal the published Gross (6368.60); the gap is 6368.60."
13,FY2025-26,3988575,Witherslack Group of Schools (South) Ltd,0.00,6360.53,6360.53,STD  - VAT Purchases Standard Rate,Children's Services,TPP - Other Establishments,"Published Net (0.00), with the VAT uplift its own VAT Type (STD  - VAT Purchases Standard Rate) implies, does not equal the published Gross (6360.53); the gap is 6360.53."
14,FY2021-22,3622722,Edenred,62.45,6319.94,6257.49,STD  - VAT Purchases Standard Rate,Children's Services,Employee Benefit - Childcare Vouchers,"Published Net (62.45), with the VAT uplift its own VAT Type (STD  - VAT Purchases Standard Rate) implies, does not equal the published Gross (6319.94); the gap is 6257.49."
15,FY2021-22,3630092,Edenred,62.45,6319.94,6257.49,STD  - VAT Purchases Standard Rate,Children's Services,Employee Benefit - Childcare Vouchers,"Published Net (62.45), with the VAT uplift its own VAT Type (STD  - VAT Purchases Standard Rate) implies, does not equal the published Gross (6319.94); the gap is 6257.49."
16,FY2023-24,3801837,AquaCare (BWH) Ltd,-2809.739999999999931,3371.6,6181.339999999999931,STD  - VAT Purchases Standard Rate,Children's Services,Service Maintenance,"Published Net (-2809.74), with the VAT uplift its own VAT Type (STD  - VAT Purchases Standard Rate) implies, does not equal the published Gross (3371.60); the gap is 6181.34."
17,FY2025-26,3988591,Witherslack Group of Schools (South) Ltd,0.00,6000.00,6000.00,STD  - VAT Purchases Standard Rate,Children's Services,TPP - Other Establishments,"Published Net (0.00), with the VAT uplift its own VAT Type (STD  - VAT Purchases Standard Rate) implies, does not equal the published Gross (6000.00); the gap is 6000.00."
18,FY2021-22,3637994,Edenred,455.45,6319.94,5864.49,OSCP - Outside Scope of VAT,Children's Services,Employee Benefit - Childcare Vouchers,"Published Net (455.45), with the VAT uplift its own VAT Type (OSCP - Outside Scope of VAT) implies, does not equal the published Gross (6319.94); the gap is 5864.49."
19,FY2025-26,3992191,Witherslack Group of Schools (South) Ltd,0.00,5855.80,5855.80,STD  - VAT Purchases Standard Rate,Children's Services,TPP - Other Establishments,"Published Net (0.00), with the VAT uplift its own VAT Type (STD  - VAT Purchases Standard Rate) implies, does not equal the published Gross (5855.80); the gap is 5855.80."
20,FY2020-21,3558054,Berkshire Education Travel,14160.00,8496.00,-5664.00,STD  - VAT Purchases Standard Rate,Children´s Services,Home to School Transport,"Published Net (14160.00), with the VAT uplift its own VAT Type (STD  - VAT Purchases Standard Rate) implies, does not equal the published Gross (8496.00); the gap is 5664.00."
