Council,Months,Parts,TxRows,ExceptionRows,UnmatchedExceptionRows,LargestMonth,LargestMonthRaw,LargestMonthGzip,LargestExceptionMonthRaw,LargestExceptionMonthGzip,TotalRawMB,TotalGzipMB,ArchiveMB
birmingham,25,51,247785,2909,0,2024-07,1930158,274765,33795,3172,35.9,4.8,49.4
bracknellforest,100,172,161336,56723,0,2025-07,368200,51332,276331,14717,28.8,3.3,58.1
bradford,77,182,909957,302847,0,2025-09,3983366,508155,1418385,64967,143.7,16.5,311.8
bristol,80,160,469694,67734,0,2021-04,1144548,151578,215891,15445,70.5,9.8,126.5
leeds,116,399,2701271,527865,0,2022-11,4794471,601083,2456870,275217,428.3,51.4,1251.9
liverpool,73,145,547346,225104,0,2025-12,2508473,253849,1128990,63004,103.3,9.6,120.9
merton,114,229,376383,84186,63,2026-03,810776,99584,178487,20760,68.1,8.7,118.3
rbwm,40,79,68618,10950,0,2026-06,498884,67763,93400,7787,9.8,1.4,30.2
reading,110,218,505832,96291,0,2023-11,1067994,121324,360497,27356,78.7,9.4,160.4
sheffield,117,397,2638099,712593,0,2023-03,5050087,559787,2193756,117526,397.3,41.9,1107.4
westberkshire,28,56,91784,14927,0,2025-07,511447,75514,138487,10879,12.2,1.8,18.7
wokingham,67,134,217117,49308,0,undated,1106899,174782,673348,84014,38.2,5.2,55.7
